age,job,marital,education,default,balance,housing,loan,contact,day,month,duration,campaign,pdays,previous,poutcome,proba_open,prediction,timestamp
31,admin.,married,secondary,no,1229,no,no,cellular,12,apr,176,1,-1,0,unknown,0.5485363284397616,1,2025-07-13 23:44:24
32,services,single,secondary,no,-1139,yes,no,cellular,7,jul,201,1,-1,0,unknown,0.15026107289823673,0,2025-07-13 23:44:24
33,blue-collar,married,primary,no,3868,yes,no,unknown,2,jun,445,1,-1,0,unknown,0.22344889917233127,0,2025-07-13 23:44:24
56,services,married,secondary,no,9,no,yes,cellular,20,aug,285,2,-1,0,unknown,0.20824155346902157,0,2025-07-13 23:44:24
55,management,divorced,tertiary,no,0,no,no,cellular,18,aug,309,4,-1,0,unknown,0.3298156091726061,0,2025-07-13 23:44:24
28,management,single,tertiary,no,866,no,no,cellular,23,mar,191,2,-1,0,unknown,0.8857177709019638,1,2025-07-13 23:44:24
26,blue-collar,single,secondary,no,249,yes,no,cellular,29,jan,235,3,262,5,failure,0.24802059800070503,0,2025-07-13 23:44:24
35,management,married,tertiary,no,1510,yes,no,unknown,9,may,61,1,-1,0,unknown,0.02790023917181367,0,2025-07-13 23:44:24
36,admin.,married,secondary,no,165,yes,no,unknown,23,may,456,4,-1,0,unknown,0.17790127574494483,0,2025-07-13 23:44:24
29,technician,single,secondary,no,590,no,no,cellular,27,aug,81,1,94,1,success,0.6152512166048737,1,2025-07-13 23:44:24
44,self-employed,married,unknown,no,163,yes,no,cellular,12,aug,44,1,100,3,success,0.10990759895620643,0,2025-07-13 23:44:24
30,admin.,single,secondary,no,-213,yes,yes,unknown,27,may,751,1,-1,0,unknown,0.7820251937771572,1,2025-07-13 23:44:24
31,management,single,tertiary,no,354,no,no,cellular,30,apr,502,1,9,2,success,0.9452198917821427,1,2025-07-13 23:44:24
50,management,married,tertiary,no,101,yes,no,unknown,15,may,348,1,-1,0,unknown,0.06843439588937575,0,2025-07-13 23:44:24
58,admin.,married,secondary,no,826,no,no,unknown,12,jun,885,1,-1,0,unknown,0.8201283203856861,1,2025-07-13 23:44:24
33,services,married,primary,no,6904,no,no,telephone,20,nov,114,2,-1,0,unknown,0.08579313603836158,0,2025-07-13 23:44:24
46,services,married,secondary,no,-119,yes,no,cellular,22,jul,151,3,-1,0,unknown,0.07938076101562934,0,2025-07-13 23:44:24
29,blue-collar,married,secondary,no,2870,yes,no,cellular,16,jul,988,1,-1,0,unknown,0.878323810339816,1,2025-07-13 23:44:24
30,management,single,tertiary,no,201,yes,no,cellular,17,mar,325,2,-1,0,unknown,0.7529169296723941,1,2025-07-13 23:44:24
50,technician,married,secondary,no,3370,no,no,cellular,2,jun,160,2,-1,0,unknown,0.5814541045187915,1,2025-07-13 23:44:24
73,retired,married,unknown,no,3443,no,no,telephone,4,sep,770,3,-1,0,unknown,0.9335821380921274,1,2025-07-13 23:44:24
45,blue-collar,married,secondary,no,96,yes,no,cellular,13,apr,348,3,256,2,failure,0.2962009538848356,0,2025-07-13 23:44:24
36,admin.,divorced,secondary,no,1224,yes,no,cellular,12,nov,482,1,374,1,success,0.9102019633891528,1,2025-07-13 23:44:24
40,blue-collar,married,primary,no,236,yes,no,unknown,20,may,167,2,-1,0,unknown,0.03337530064526329,0,2025-07-13 23:44:24
39,admin.,divorced,secondary,no,399,yes,yes,cellular,14,aug,133,2,-1,0,unknown,0.08229600229731387,0,2025-07-13 23:44:24
36,technician,married,secondary,no,0,yes,no,cellular,21,jul,193,5,-1,0,unknown,0.10058819325625568,0,2025-07-13 23:44:24
28,blue-collar,single,tertiary,no,1984,yes,no,cellular,4,may,32,2,14,1,failure,0.04201503459146823,0,2025-07-13 23:44:24
38,technician,single,tertiary,no,0,no,no,cellular,28,aug,247,2,-1,0,unknown,0.30360585616981506,0,2025-07-13 23:44:24
28,student,single,secondary,no,196,no,no,cellular,2,jul,423,3,-1,0,unknown,0.8098662367470582,1,2025-07-13 23:44:24
44,technician,married,tertiary,no,4580,yes,no,unknown,15,may,911,2,-1,0,unknown,0.8097887561794114,1,2025-07-13 23:44:24
34,management,divorced,tertiary,no,2885,no,no,cellular,10,feb,314,2,156,4,other,0.8280364461393175,1,2025-07-13 23:44:24
31,management,single,tertiary,no,153,no,no,cellular,9,feb,65,3,-1,0,unknown,0.09122561879482072,0,2025-07-13 23:44:24
51,services,married,unknown,no,5801,yes,no,unknown,29,may,147,2,-1,0,unknown,0.05488930778635077,0,2025-07-13 23:44:24
29,services,married,secondary,no,6567,yes,no,cellular,15,may,792,2,298,1,failure,0.8493235213283175,1,2025-07-13 23:44:24
30,technician,single,tertiary,no,10,no,no,cellular,26,aug,276,8,-1,0,unknown,0.3073359508336268,0,2025-07-13 23:44:24
51,blue-collar,married,primary,no,0,no,no,cellular,20,nov,85,1,-1,0,unknown,0.03676799492730473,0,2025-07-13 23:44:24
43,management,divorced,tertiary,no,-410,no,yes,cellular,9,jul,189,1,-1,0,unknown,0.13697452271343738,0,2025-07-13 23:44:24
25,self-employed,married,tertiary,no,1182,yes,no,unknown,26,may,141,2,-1,0,unknown,0.083637523133623,0,2025-07-13 23:44:24
34,unemployed,married,secondary,no,428,yes,no,cellular,7,apr,221,2,267,3,other,0.2685199565969118,0,2025-07-13 23:44:24
33,technician,single,secondary,no,163,yes,no,cellular,20,aug,627,2,-1,0,unknown,0.7567034814330127,1,2025-07-13 23:44:24
35,blue-collar,married,secondary,no,262,no,no,cellular,15,sep,331,1,75,6,failure,0.8314446477797456,1,2025-07-13 23:44:24
34,management,single,tertiary,no,2555,yes,no,cellular,26,may,129,2,-1,0,unknown,0.0864611015697736,0,2025-07-13 23:44:24
64,retired,married,tertiary,no,1644,no,no,telephone,7,sep,569,4,-1,0,unknown,0.9222610923491498,1,2025-07-13 23:44:24
39,blue-collar,married,secondary,no,180,yes,no,cellular,16,apr,237,1,-1,0,unknown,0.235849104573808,0,2025-07-13 23:44:24
41,management,married,tertiary,no,2781,yes,no,cellular,12,aug,95,2,-1,0,unknown,0.09568701734793139,0,2025-07-13 23:44:24
27,student,single,tertiary,no,4869,yes,no,cellular,15,may,258,2,343,4,other,0.3881741692254904,0,2025-07-13 23:44:24
39,admin.,divorced,secondary,no,112,no,no,cellular,16,sep,574,3,-1,0,unknown,0.8308986589749462,1,2025-07-13 23:44:24
58,management,divorced,tertiary,no,1257,no,no,cellular,5,aug,1536,1,-1,0,unknown,0.9022264093702443,1,2025-07-13 23:44:24
25,admin.,single,secondary,no,122,yes,no,cellular,7,may,481,2,-1,0,unknown,0.7450329151247587,1,2025-07-13 23:44:24
32,blue-collar,married,secondary,no,4996,yes,no,unknown,20,may,205,2,-1,0,unknown,0.0509902223764069,0,2025-07-13 23:44:24
51,management,divorced,tertiary,no,93,yes,yes,cellular,6,may,221,1,-1,0,unknown,0.19333257446364888,0,2025-07-13 23:44:24
27,technician,single,tertiary,no,393,no,no,cellular,1,apr,165,2,-1,0,unknown,0.639762206040366,1,2025-07-13 23:44:24
38,services,married,secondary,no,2669,yes,no,cellular,20,apr,208,2,-1,0,unknown,0.26625825543955217,0,2025-07-13 23:44:24
52,unemployed,married,primary,no,959,no,no,telephone,30,jul,694,2,-1,0,unknown,0.7801995175046231,1,2025-07-13 23:44:24
53,blue-collar,married,secondary,no,136,yes,no,unknown,15,may,99,1,-1,0,unknown,0.03795582463050879,0,2025-07-13 23:44:24
33,unemployed,married,secondary,no,438,yes,yes,unknown,21,may,129,1,-1,0,unknown,0.038969435328969515,0,2025-07-13 23:44:24
69,retired,divorced,tertiary,no,247,no,no,cellular,22,apr,138,2,-1,0,unknown,0.7677671819385034,1,2025-07-13 23:44:24
28,blue-collar,married,secondary,no,-470,yes,no,cellular,7,may,275,2,-1,0,unknown,0.19596066046890517,0,2025-07-13 23:44:24
41,management,single,tertiary,no,0,no,no,cellular,7,aug,91,2,-1,0,unknown,0.08209143992725851,0,2025-07-13 23:44:24
36,management,single,tertiary,no,243,yes,no,cellular,7,may,160,2,360,3,failure,0.13585760106666517,0,2025-07-13 23:44:24
59,admin.,married,primary,no,879,yes,no,cellular,30,jan,126,5,259,7,failure,0.06310510292958245,0,2025-07-13 23:44:24
35,technician,single,tertiary,no,122,no,no,cellular,20,apr,49,5,328,5,failure,0.15962042294071474,0,2025-07-13 23:44:24
49,blue-collar,married,primary,no,247,no,yes,cellular,22,jul,283,1,-1,0,unknown,0.16475636799263513,0,2025-07-13 23:44:24
73,retired,married,primary,no,508,no,no,cellular,9,mar,176,1,-1,0,unknown,0.8828425485330815,1,2025-07-13 23:44:24
46,blue-collar,married,secondary,no,4707,yes,no,unknown,23,may,93,8,-1,0,unknown,0.03427777432323848,0,2025-07-13 23:44:24
59,management,married,tertiary,no,2764,no,no,cellular,18,feb,459,1,56,3,failure,0.9108627979346194,1,2025-07-13 23:44:24
31,blue-collar,married,secondary,no,64,yes,no,cellular,18,jul,302,3,-1,0,unknown,0.17669340210929396,0,2025-07-13 23:44:24
42,entrepreneur,married,secondary,no,46,no,no,cellular,2,feb,1013,1,-1,0,unknown,0.8496030685046986,1,2025-07-13 23:44:24
33,services,single,secondary,no,2881,no,no,cellular,26,may,289,1,328,1,success,0.858770981000281,1,2025-07-13 23:44:24
34,admin.,married,tertiary,no,79,yes,no,cellular,5,aug,203,1,92,5,success,0.9186090646303039,1,2025-07-13 23:44:24
36,management,married,tertiary,no,93,no,no,cellular,12,jul,262,2,182,7,failure,0.671842843107046,1,2025-07-13 23:44:24
52,management,married,tertiary,no,291,no,no,cellular,21,aug,150,3,-1,0,unknown,0.23476775894752674,0,2025-07-13 23:44:24
54,blue-collar,married,primary,no,1311,no,no,telephone,15,oct,485,3,184,3,failure,0.8524401550338426,1,2025-07-13 23:44:24
39,management,married,tertiary,no,2939,no,no,cellular,15,jan,348,2,-1,0,unknown,0.5801884755376776,1,2025-07-13 23:44:24
23,services,single,secondary,no,870,no,no,cellular,6,jul,316,4,-1,0,unknown,0.6884929388507322,1,2025-07-13 23:44:24
34,technician,married,secondary,no,1246,no,no,unknown,28,may,88,3,-1,0,unknown,0.049484286534642506,0,2025-07-13 23:44:24
26,management,married,tertiary,no,243,no,no,cellular,26,may,482,1,-1,0,unknown,0.8108146980551653,1,2025-07-13 23:44:24
77,management,married,unknown,no,1780,yes,no,cellular,23,apr,361,2,182,5,success,0.9060995639427479,1,2025-07-13 23:44:24
35,technician,divorced,secondary,no,5724,yes,no,unknown,30,may,691,10,-1,0,unknown,0.7896785972345176,1,2025-07-13 23:44:24
35,management,single,tertiary,no,18111,no,no,cellular,14,aug,172,4,-1,0,unknown,0.3147317132251924,0,2025-07-13 23:44:24
33,management,married,secondary,no,333,no,no,cellular,28,aug,80,6,-1,0,unknown,0.0614223401112822,0,2025-07-13 23:44:24
37,management,single,tertiary,no,0,no,no,cellular,20,oct,107,1,258,3,other,0.43673355401462804,0,2025-07-13 23:44:24
60,housemaid,divorced,secondary,no,387,yes,no,unknown,4,jun,235,1,-1,0,unknown,0.09722885859465404,0,2025-07-13 23:44:24
36,blue-collar,married,secondary,no,561,yes,no,unknown,9,jun,198,2,-1,0,unknown,0.057687829522418514,0,2025-07-13 23:44:24
43,housemaid,married,primary,no,0,yes,no,cellular,25,aug,152,3,-1,0,unknown,0.09068469000046211,0,2025-07-13 23:44:24
35,management,single,tertiary,no,1120,no,no,unknown,21,sep,4,1,771,2,success,0.23999051112802558,0,2025-07-13 23:44:24
28,blue-collar,single,unknown,no,913,yes,no,unknown,27,may,580,2,-1,0,unknown,0.5118805950697649,1,2025-07-13 23:44:24
34,technician,married,secondary,no,47,no,no,cellular,25,aug,132,6,-1,0,unknown,0.10730015679768982,0,2025-07-13 23:44:24
45,technician,married,secondary,no,999,yes,no,unknown,16,may,656,2,-1,0,unknown,0.7095060279124283,1,2025-07-13 23:44:24
34,admin.,single,secondary,no,598,yes,no,cellular,17,apr,365,1,324,1,failure,0.3819918440504736,0,2025-07-13 23:44:24
32,management,married,tertiary,no,628,no,no,cellular,30,apr,280,1,-1,0,unknown,0.707115774436804,1,2025-07-13 23:44:24
33,admin.,single,secondary,no,1221,yes,no,unknown,23,may,245,1,-1,0,unknown,0.07579189626846701,0,2025-07-13 23:44:24
33,services,married,secondary,no,478,no,no,cellular,30,apr,475,2,-1,0,unknown,0.7856862390876024,1,2025-07-13 23:44:24
27,services,single,secondary,no,353,yes,no,cellular,15,may,663,1,-1,0,unknown,0.8557361532458788,1,2025-07-13 23:44:24
30,blue-collar,married,secondary,no,0,yes,yes,cellular,10,jul,1399,1,-1,0,unknown,0.8731826059024997,1,2025-07-13 23:44:24
38,technician,single,secondary,no,3278,no,no,cellular,19,aug,645,14,-1,0,unknown,0.8134654995771131,1,2025-07-13 23:44:24
58,admin.,married,primary,no,879,yes,no,unknown,16,may,242,7,-1,0,unknown,0.04613148650689143,0,2025-07-13 23:44:24
36,blue-collar,married,primary,no,347,no,no,cellular,4,feb,167,2,-1,0,unknown,0.16685611042757395,0,2025-07-13 23:44:24
54,management,married,secondary,no,2693,no,no,cellular,22,mar,222,1,188,6,other,0.8953165223787476,1,2025-07-13 23:44:24
28,services,single,secondary,no,339,no,no,cellular,3,dec,350,1,182,1,success,0.9727562440819777,1,2025-07-13 23:44:24
45,housemaid,married,primary,no,317,yes,no,cellular,8,apr,325,2,-1,0,unknown,0.2798772073478878,0,2025-07-13 23:44:25
33,admin.,married,secondary,no,855,no,no,cellular,15,apr,110,1,-1,0,unknown,0.3180381786134048,0,2025-07-13 23:44:25
35,management,single,tertiary,no,471,no,no,cellular,5,jun,276,2,-1,0,unknown,0.7600469955281852,1,2025-07-13 23:44:25
41,management,married,tertiary,no,223,yes,no,unknown,16,may,124,1,-1,0,unknown,0.05445728689973963,0,2025-07-13 23:44:25
28,admin.,single,unknown,no,24,yes,no,cellular,18,jul,415,2,-1,0,unknown,0.5704571836921284,1,2025-07-13 23:44:25
30,technician,married,secondary,no,-393,yes,yes,cellular,16,jul,435,1,-1,0,unknown,0.3690975793525601,0,2025-07-13 23:44:25
35,technician,single,primary,no,744,yes,no,cellular,7,apr,1096,1,-1,0,unknown,0.8402544878845274,1,2025-07-13 23:44:25
48,blue-collar,married,primary,no,595,no,no,cellular,24,jul,464,1,-1,0,unknown,0.6060144787992616,1,2025-07-13 23:44:25
60,retired,married,secondary,no,597,no,no,cellular,15,jul,981,1,-1,0,unknown,0.8706153901634854,1,2025-07-13 23:44:25
34,blue-collar,married,primary,no,3868,yes,no,cellular,18,may,134,1,350,1,failure,0.0859917351532851,0,2025-07-13 23:44:25
35,technician,married,secondary,no,0,yes,no,cellular,9,nov,524,1,96,5,success,0.9187816096048598,1,2025-07-13 23:44:25
32,services,single,tertiary,no,0,no,no,cellular,28,aug,23,12,-1,0,unknown,0.03735013049537863,0,2025-07-13 23:44:25
55,housemaid,married,primary,no,4,no,no,cellular,21,nov,85,3,-1,0,unknown,0.035520871853798305,0,2025-07-13 23:44:25
31,management,single,secondary,no,1310,yes,no,cellular,18,may,12,2,-1,0,unknown,0.026246931198605886,0,2025-07-13 23:44:25
20,student,single,primary,no,6991,no,no,cellular,12,aug,178,2,-1,0,unknown,0.7631792589162892,1,2025-07-13 23:44:25
33,blue-collar,married,secondary,no,0,yes,no,unknown,21,may,521,3,-1,0,unknown,0.38093245505197343,0,2025-07-13 23:44:25
50,blue-collar,married,primary,no,71,yes,no,unknown,6,may,678,1,-1,0,unknown,0.710895189353372,1,2025-07-13 23:44:25
38,entrepreneur,married,tertiary,no,1438,no,no,cellular,13,nov,122,5,-1,0,unknown,0.18455341501086547,0,2025-07-13 23:44:25
50,admin.,married,secondary,no,10250,yes,no,cellular,7,dec,254,3,385,2,other,0.8172558765844201,1,2025-07-13 23:44:25
40,technician,married,secondary,no,192,yes,yes,cellular,15,may,16,8,351,5,failure,0.02285248848433996,0,2025-07-13 23:44:25
30,management,single,tertiary,no,3473,no,no,cellular,12,mar,1209,2,-1,0,unknown,0.9569294860834999,1,2025-07-13 23:44:25
29,blue-collar,married,secondary,no,294,yes,no,unknown,14,may,594,2,-1,0,unknown,0.4552841729979244,0,2025-07-13 23:44:25
40,management,single,tertiary,no,3840,yes,no,cellular,24,sep,232,2,409,2,success,0.9464986799198298,1,2025-07-13 23:44:25
28,blue-collar,single,primary,no,442,no,no,cellular,30,jan,157,2,-1,0,unknown,0.23706397444981106,0,2025-07-13 23:44:25
40,services,divorced,primary,no,471,yes,no,cellular,16,apr,1156,1,345,2,failure,0.8684355796973848,1,2025-07-13 23:44:25
71,retired,married,primary,no,3230,no,no,cellular,24,may,341,2,133,3,failure,0.7203998500901552,1,2025-07-13 23:44:25
29,blue-collar,married,primary,no,111,yes,no,cellular,6,may,14,11,-1,0,unknown,0.02379338551968478,0,2025-07-13 23:44:25
40,management,married,tertiary,no,24450,no,no,cellular,25,aug,73,2,-1,0,unknown,0.05409244164436531,0,2025-07-13 23:44:25
60,management,single,tertiary,no,560,no,no,cellular,15,may,730,5,-1,0,unknown,0.851653033150876,1,2025-07-13 23:44:25
37,management,married,tertiary,no,5,no,no,cellular,29,aug,36,2,-1,0,unknown,0.03802737723319875,0,2025-07-13 23:44:25
38,management,divorced,tertiary,no,4692,yes,no,unknown,29,may,1363,2,-1,0,unknown,0.8519087332391904,1,2025-07-13 23:44:25
36,blue-collar,divorced,secondary,no,2843,no,no,cellular,14,aug,186,1,-1,0,unknown,0.3516224536674666,0,2025-07-13 23:44:25
55,management,married,tertiary,no,13578,no,no,cellular,29,oct,247,2,-1,0,unknown,0.6945904256176838,1,2025-07-13 23:44:25
58,unknown,married,unknown,no,1547,no,no,telephone,5,aug,1186,4,-1,0,unknown,0.8759622216530129,1,2025-07-13 23:44:25
28,management,single,tertiary,no,1825,no,no,cellular,9,mar,236,1,-1,0,unknown,0.9252464906650526,1,2025-07-13 23:44:25
45,management,divorced,tertiary,no,2813,yes,no,cellular,13,may,43,1,-1,0,unknown,0.043936478672742564,0,2025-07-13 23:44:25
43,management,divorced,tertiary,no,3578,no,no,cellular,29,jan,376,2,-1,0,unknown,0.6050880348658008,1,2025-07-13 23:44:25
45,blue-collar,married,primary,no,61,no,no,cellular,17,apr,108,1,-1,0,unknown,0.22752841660523768,0,2025-07-13 23:44:25
31,self-employed,single,tertiary,no,17924,yes,no,cellular,21,nov,608,3,-1,0,unknown,0.7087685755744607,1,2025-07-13 23:44:25
36,technician,married,secondary,no,1345,yes,no,cellular,18,nov,82,1,172,3,failure,0.07620617548818444,0,2025-07-13 23:44:25
36,management,married,tertiary,no,-547,yes,no,cellular,30,apr,267,1,259,2,failure,0.5006042160388432,1,2025-07-13 23:44:25
45,self-employed,married,secondary,no,7,no,no,cellular,20,nov,691,1,-1,0,unknown,0.7744622839078011,1,2025-07-13 23:44:25
38,services,divorced,secondary,no,61,no,no,unknown,5,jun,636,1,-1,0,unknown,0.6109468520868803,1,2025-07-13 23:44:25
48,blue-collar,married,primary,no,1203,no,no,cellular,6,aug,61,5,-1,0,unknown,0.028239504098074034,0,2025-07-13 23:44:25
35,management,single,tertiary,no,1750,yes,no,cellular,30,apr,687,1,9,3,success,0.9222205827982313,1,2025-07-13 23:44:25
40,technician,married,secondary,no,503,yes,no,unknown,14,may,127,3,-1,0,unknown,0.03953735225305507,0,2025-07-13 23:44:25
26,services,single,tertiary,no,0,no,yes,telephone,1,jul,261,4,-1,0,unknown,0.31828987127100994,0,2025-07-13 23:44:25
54,management,married,tertiary,no,1303,no,no,cellular,3,feb,1635,1,-1,0,unknown,0.9024169510278441,1,2025-07-13 23:44:25
34,admin.,married,secondary,no,1467,yes,no,cellular,17,apr,113,1,332,2,failure,0.15037677811955114,0,2025-07-13 23:44:25
75,retired,divorced,primary,no,3881,yes,no,cellular,4,feb,136,3,-1,0,unknown,0.35479903684063857,0,2025-07-13 23:44:25
39,technician,single,secondary,no,1355,yes,no,cellular,14,may,1180,1,-1,0,unknown,0.8866902444232666,1,2025-07-13 23:44:25
30,management,married,tertiary,no,14,no,no,cellular,24,jul,90,2,-1,0,unknown,0.05417792926629186,0,2025-07-13 23:44:25
33,management,single,tertiary,no,4176,no,no,cellular,26,mar,288,3,-1,0,unknown,0.7745202076701421,1,2025-07-13 23:44:25
38,technician,single,secondary,no,1685,yes,no,unknown,5,may,185,1,-1,0,unknown,0.06757716902634865,0,2025-07-13 23:44:25
41,management,married,primary,no,733,yes,no,cellular,7,may,69,1,335,7,failure,0.028132740972761465,0,2025-07-13 23:44:25
73,retired,married,tertiary,no,1641,yes,no,cellular,27,feb,49,2,-1,0,unknown,0.4698376636306417,0,2025-07-13 23:44:25
32,management,married,tertiary,no,282,no,no,cellular,22,aug,92,2,-1,0,unknown,0.09631626253833024,0,2025-07-13 23:44:25
32,blue-collar,single,primary,no,121,yes,no,cellular,20,nov,758,1,-1,0,unknown,0.7652742971712817,1,2025-07-13 23:44:25
29,self-employed,single,tertiary,no,1579,no,no,cellular,13,oct,190,1,92,5,success,0.9748909290941113,1,2025-07-13 23:44:25
50,entrepreneur,married,primary,no,431,yes,no,cellular,20,apr,12,5,-1,0,unknown,0.037406721458961914,0,2025-07-13 23:44:25
40,entrepreneur,married,secondary,no,1238,yes,no,telephone,21,jul,50,2,-1,0,unknown,0.022154875617864042,0,2025-07-13 23:44:25
41,technician,single,tertiary,no,431,no,no,cellular,22,oct,133,1,107,2,success,0.9470568622067591,1,2025-07-13 23:44:25
43,management,divorced,tertiary,no,2367,no,no,cellular,22,mar,173,2,181,4,success,0.9608622709058527,1,2025-07-13 23:44:25
40,unemployed,married,secondary,no,3430,yes,no,cellular,20,nov,1855,3,-1,0,unknown,0.8529199141660608,1,2025-07-13 23:44:25
45,technician,single,tertiary,no,2033,no,no,cellular,15,jun,243,5,285,2,success,0.9562188597126108,1,2025-07-13 23:44:25
73,retired,married,unknown,no,3443,no,no,telephone,4,sep,770,3,-1,0,unknown,0.9335821380921274,1,2025-07-13 23:44:25
24,student,single,secondary,no,1925,no,no,cellular,11,aug,1363,1,-1,0,unknown,0.9631356862685018,1,2025-07-13 23:44:25
28,services,single,secondary,no,5090,yes,no,unknown,6,may,1297,3,-1,0,unknown,0.8825485754340294,1,2025-07-13 23:44:25
55,management,married,secondary,no,0,yes,no,unknown,13,may,309,2,-1,0,unknown,0.043422957465010396,0,2025-07-13 23:44:25
35,housemaid,married,tertiary,no,2880,no,no,cellular,29,jan,42,1,-1,0,unknown,0.05339602665346339,0,2025-07-13 23:44:25
28,management,single,tertiary,no,3611,no,no,cellular,26,feb,141,2,-1,0,unknown,0.5773887671220843,1,2025-07-13 23:44:25
37,management,divorced,tertiary,no,481,yes,no,cellular,19,aug,97,6,-1,0,unknown,0.06343967979204584,0,2025-07-13 23:44:25
29,services,divorced,secondary,no,-7,yes,no,cellular,13,may,1279,3,-1,0,unknown,0.9219733416938808,1,2025-07-13 23:44:25
35,technician,married,secondary,no,518,yes,no,cellular,30,apr,616,1,-1,0,unknown,0.7843120502865131,1,2025-07-13 23:44:25
72,retired,married,primary,no,1612,no,no,cellular,7,aug,530,2,-1,0,unknown,0.7995628650508944,1,2025-07-13 23:44:25
60,management,married,tertiary,no,0,no,no,cellular,7,aug,401,3,-1,0,unknown,0.5624009247733269,1,2025-07-13 23:44:25
44,blue-collar,married,secondary,no,88,yes,no,cellular,2,jul,275,1,-1,0,unknown,0.26663396567275854,0,2025-07-13 23:44:25
51,management,married,tertiary,no,0,no,no,unknown,7,jun,302,1,-1,0,unknown,0.1107804616941311,0,2025-07-13 23:44:25
47,entrepreneur,married,secondary,no,0,no,no,unknown,19,jun,563,2,-1,0,unknown,0.4573125754516098,0,2025-07-13 23:44:25
47,services,married,secondary,no,405,no,yes,cellular,8,aug,994,2,-1,0,unknown,0.8958711014445261,1,2025-07-13 23:44:25
73,retired,married,primary,no,508,no,no,cellular,14,jun,154,4,97,1,success,0.8931231006382013,1,2025-07-13 23:44:25
43,admin.,married,secondary,no,817,yes,yes,cellular,21,nov,51,1,-1,0,unknown,0.027019566705779038,0,2025-07-13 23:44:25
55,blue-collar,married,secondary,no,196,no,no,cellular,21,aug,81,1,-1,0,unknown,0.07811948700711074,0,2025-07-13 23:44:25
38,blue-collar,single,primary,no,947,yes,no,cellular,12,may,361,2,-1,0,unknown,0.22256481630575428,0,2025-07-13 23:44:25
24,blue-collar,married,secondary,no,685,yes,no,unknown,26,may,896,3,-1,0,unknown,0.8738501801163783,1,2025-07-13 23:44:25
69,retired,divorced,secondary,no,4572,no,no,telephone,27,oct,146,2,56,1,other,0.8717543588157526,1,2025-07-13 23:44:25
48,admin.,married,primary,no,3644,yes,yes,telephone,31,jul,1039,9,-1,0,unknown,0.8308841372673531,1,2025-07-13 23:44:25
39,technician,married,tertiary,no,437,no,no,telephone,27,may,186,2,-1,0,unknown,0.27789853535474207,0,2025-07-13 23:44:25
32,management,married,tertiary,no,62,yes,no,telephone,13,nov,45,1,-1,0,unknown,0.07162449312119207,0,2025-07-13 23:44:25
61,retired,married,secondary,no,938,no,no,cellular,15,jul,392,2,183,3,success,0.9493358904141711,1,2025-07-13 23:44:25
59,retired,married,secondary,no,1887,no,no,cellular,28,aug,88,8,-1,0,unknown,0.06296752942609486,0,2025-07-13 23:44:25
38,technician,single,tertiary,no,69,yes,no,cellular,13,may,253,3,-1,0,unknown,0.259584187724148,0,2025-07-13 23:44:25
41,blue-collar,married,unknown,no,732,yes,no,unknown,16,may,25,1,-1,0,unknown,0.021836586255893724,0,2025-07-13 23:44:25
78,retired,married,primary,no,680,no,no,telephone,24,may,838,1,89,9,failure,0.8784406248435224,1,2025-07-13 23:44:25
39,management,married,tertiary,no,-974,no,yes,cellular,13,aug,130,4,-1,0,unknown,0.0858783756342023,0,2025-07-13 23:44:25
31,management,single,tertiary,no,4718,yes,no,cellular,21,nov,536,1,-1,0,unknown,0.7486555491426784,1,2025-07-13 23:44:25
38,technician,married,secondary,no,1919,no,no,cellular,4,aug,846,1,-1,0,unknown,0.8672333913524489,1,2025-07-13 23:44:25
36,housemaid,married,primary,no,4324,yes,no,cellular,14,jul,565,4,-1,0,unknown,0.6450610962121066,1,2025-07-13 23:44:25
61,retired,divorced,secondary,no,4243,no,no,cellular,30,apr,315,1,182,2,success,0.960300360934082,1,2025-07-13 23:44:25
51,admin.,married,secondary,no,241,no,no,cellular,7,dec,308,2,-1,0,unknown,0.7297381904839556,1,2025-07-13 23:44:25
28,blue-collar,married,secondary,no,948,yes,no,unknown,9,may,455,1,-1,0,unknown,0.20244815043579453,0,2025-07-13 23:44:26
49,technician,married,unknown,no,-287,yes,no,unknown,26,may,49,1,-1,0,unknown,0.022873049055484516,0,2025-07-13 23:44:26
60,admin.,married,secondary,no,3735,no,no,cellular,22,sep,183,1,184,11,success,0.9779554394471648,1,2025-07-13 23:44:26
34,management,divorced,tertiary,no,2885,no,no,cellular,10,feb,314,2,156,4,other,0.8280364461393175,1,2025-07-13 23:44:26
46,management,married,tertiary,no,16,yes,no,cellular,6,may,304,1,-1,0,unknown,0.25420391550891624,0,2025-07-13 23:44:26
55,technician,married,tertiary,no,1320,no,no,cellular,28,apr,387,2,-1,0,unknown,0.7955840852654446,1,2025-07-13 23:44:26
52,unemployed,married,secondary,no,5091,no,no,cellular,26,may,309,1,-1,0,unknown,0.4954428158894629,0,2025-07-13 23:44:26
49,management,married,tertiary,yes,-6847,no,yes,cellular,21,jul,206,1,-1,0,unknown,0.12770482334351285,0,2025-07-13 23:44:26
23,student,single,tertiary,no,691,no,no,cellular,27,may,1178,1,178,6,success,0.978253679071084,1,2025-07-13 23:44:26
39,entrepreneur,married,secondary,no,11887,no,no,cellular,18,nov,1181,2,-1,0,unknown,0.858316982470115,1,2025-07-13 23:44:26
31,services,married,secondary,no,418,yes,yes,cellular,9,jul,219,1,-1,0,unknown,0.13381653482525455,0,2025-07-13 23:44:26
29,management,single,tertiary,no,5359,no,no,cellular,18,feb,147,1,-1,0,unknown,0.6440263281929327,1,2025-07-13 23:44:26
34,management,married,tertiary,no,160,yes,yes,cellular,15,jul,130,1,-1,0,unknown,0.06116670440426604,0,2025-07-13 23:44:26
56,technician,married,secondary,no,147,no,no,cellular,12,apr,203,1,-1,0,unknown,0.5068462545655508,1,2025-07-13 23:44:26
33,services,single,secondary,no,192,no,no,cellular,24,jul,255,1,-1,0,unknown,0.3731246850504156,0,2025-07-13 23:44:26
53,services,divorced,secondary,no,0,no,no,cellular,12,mar,80,2,-1,0,unknown,0.6065459282960204,1,2025-07-13 23:44:26
32,blue-collar,married,secondary,no,476,yes,no,cellular,23,jul,956,9,-1,0,unknown,0.833636385807123,1,2025-07-13 23:44:26
54,technician,married,tertiary,no,4582,yes,no,unknown,15,may,165,1,-1,0,unknown,0.0732153306543956,0,2025-07-13 23:44:26
34,technician,single,secondary,no,161,no,yes,cellular,8,aug,61,2,-1,0,unknown,0.040765267038027304,0,2025-07-13 23:44:26
55,blue-collar,married,unknown,no,7561,no,no,unknown,6,jun,685,3,-1,0,unknown,0.7778084724570615,1,2025-07-13 23:44:26
39,technician,married,secondary,no,0,yes,no,unknown,5,may,203,1,-1,0,unknown,0.04873576339634255,0,2025-07-13 23:44:26
39,services,married,secondary,no,1970,yes,no,unknown,8,jun,30,1,404,2,success,0.18715807255446273,0,2025-07-13 23:44:26
38,technician,single,secondary,no,103,yes,no,cellular,2,feb,159,1,187,3,failure,0.22792596341422788,0,2025-07-13 23:44:26
22,admin.,single,secondary,no,114,no,no,cellular,30,mar,517,1,-1,0,unknown,0.9745319621687487,1,2025-07-13 23:44:26
26,services,married,secondary,no,-379,yes,yes,cellular,22,jul,1237,7,-1,0,unknown,0.9039082619432054,1,2025-07-13 23:44:26
57,services,single,secondary,no,0,no,no,cellular,6,aug,355,1,-1,0,unknown,0.43791347069729464,0,2025-07-13 23:44:26
35,blue-collar,married,primary,no,147,yes,no,cellular,5,may,358,1,337,3,failure,0.2222212272669878,0,2025-07-13 23:44:26
27,management,single,secondary,no,924,yes,no,cellular,3,feb,84,1,-1,0,unknown,0.13596305851317533,0,2025-07-13 23:44:26
35,management,married,tertiary,no,1133,yes,no,cellular,3,nov,102,1,-1,0,unknown,0.15421606301499244,0,2025-07-13 23:44:26
42,blue-collar,married,primary,no,205,yes,no,cellular,17,apr,582,1,-1,0,unknown,0.6229561607845053,1,2025-07-13 23:44:26
22,unemployed,single,tertiary,no,993,no,no,cellular,28,jul,115,3,93,1,other,0.5318819308166748,1,2025-07-13 23:44:26
25,services,single,secondary,no,628,no,no,cellular,8,jul,266,1,-1,0,unknown,0.6371889058921468,1,2025-07-13 23:44:26
24,management,married,secondary,no,2278,yes,no,unknown,27,may,77,4,-1,0,unknown,0.031570045842031394,0,2025-07-13 23:44:26
40,technician,married,tertiary,no,11766,yes,no,cellular,13,apr,218,2,242,9,failure,0.4042335942125965,0,2025-07-13 23:44:26
36,admin.,married,secondary,no,465,yes,no,unknown,20,may,160,1,-1,0,unknown,0.05708870083945589,0,2025-07-13 23:44:26
56,blue-collar,married,secondary,no,448,yes,yes,cellular,17,may,556,1,181,2,other,0.5821338142892695,1,2025-07-13 23:44:26
39,services,married,secondary,no,53,no,no,unknown,5,mar,257,1,394,1,failure,0.8091481227236089,1,2025-07-13 23:44:26
50,admin.,married,secondary,no,159,yes,no,unknown,7,may,216,2,-1,0,unknown,0.05052952678323194,0,2025-07-13 23:44:26
26,admin.,single,secondary,yes,-930,yes,no,cellular,14,may,786,1,-1,0,unknown,0.8836538482371061,1,2025-07-13 23:44:26
46,management,married,secondary,no,0,no,no,cellular,27,aug,38,6,-1,0,unknown,0.030311651314312522,0,2025-07-13 23:44:26
51,entrepreneur,divorced,tertiary,no,2109,no,no,cellular,12,apr,119,1,181,2,success,0.8495892864343868,1,2025-07-13 23:44:26
31,management,single,tertiary,no,2734,yes,no,cellular,15,may,858,3,-1,0,unknown,0.8675816927415297,1,2025-07-13 23:44:26
59,retired,married,primary,no,2074,no,no,cellular,21,dec,467,1,186,2,success,0.9663521573011945,1,2025-07-13 23:44:26
34,blue-collar,single,secondary,no,550,yes,no,cellular,20,apr,90,3,346,1,failure,0.113680694358815,0,2025-07-13 23:44:26
56,management,married,tertiary,no,616,no,no,cellular,13,aug,293,2,105,2,success,0.895978758581218,1,2025-07-13 23:44:26
32,technician,married,tertiary,no,514,yes,no,unknown,20,may,414,2,-1,0,unknown,0.13669167323195566,0,2025-07-13 23:44:26
69,retired,married,secondary,no,0,no,no,cellular,28,apr,184,2,126,2,other,0.6984949830000613,1,2025-07-13 23:44:26
37,management,married,tertiary,no,393,yes,no,cellular,14,may,567,3,275,4,failure,0.6725833383956361,1,2025-07-13 23:44:26
33,technician,married,secondary,no,221,yes,no,cellular,13,may,669,1,355,4,failure,0.7792243005295084,1,2025-07-13 23:44:26
31,self-employed,single,tertiary,no,17924,yes,no,cellular,14,may,745,1,174,3,failure,0.8534932801965407,1,2025-07-13 23:44:26
33,technician,divorced,secondary,no,464,no,no,cellular,4,feb,207,4,-1,0,unknown,0.33108683239051057,0,2025-07-13 23:44:26
55,unemployed,divorced,secondary,no,309,no,no,cellular,20,apr,167,1,181,3,success,0.9054906748519458,1,2025-07-13 23:44:26
42,technician,married,secondary,no,994,yes,no,cellular,25,may,365,5,-1,0,unknown,0.2717301394514378,0,2025-07-13 23:44:26
31,management,single,tertiary,no,471,no,no,cellular,29,aug,153,2,-1,0,unknown,0.25945507338098234,0,2025-07-13 23:44:26
77,retired,married,secondary,no,820,no,no,telephone,21,oct,330,2,181,4,success,0.9683878356230692,1,2025-07-13 23:44:26
61,admin.,married,tertiary,no,1332,no,no,cellular,12,mar,156,1,-1,0,unknown,0.9296102835759712,1,2025-07-13 23:44:26
44,unemployed,single,primary,yes,-4,no,yes,cellular,30,jul,788,2,-1,0,unknown,0.7552811984261525,1,2025-07-13 23:44:26
46,unemployed,single,tertiary,no,44,no,no,cellular,14,aug,225,1,-1,0,unknown,0.4059822750918103,0,2025-07-13 23:44:26
60,unknown,married,unknown,no,17297,no,no,cellular,26,aug,664,11,-1,0,unknown,0.8267202204174663,1,2025-07-13 23:44:26
29,blue-collar,married,secondary,no,294,yes,no,unknown,14,may,594,2,-1,0,unknown,0.4552841729979244,0,2025-07-13 23:44:26
40,unemployed,married,secondary,no,219,yes,no,unknown,5,may,357,1,-1,0,unknown,0.063209725347303,0,2025-07-13 23:44:26
31,management,divorced,tertiary,no,254,no,no,cellular,18,aug,1576,8,-1,0,unknown,0.8737737972001883,1,2025-07-13 23:44:26
53,management,married,secondary,no,2895,yes,no,unknown,29,may,74,1,-1,0,unknown,0.029811853288443328,0,2025-07-13 23:44:26
29,management,single,tertiary,no,1445,no,no,cellular,26,apr,328,2,143,2,success,0.9636301660626195,1,2025-07-13 23:44:26
63,retired,married,secondary,no,474,no,no,cellular,25,jan,423,1,-1,0,unknown,0.8273474302629242,1,2025-07-13 23:44:26
49,retired,married,unknown,no,247,no,no,unknown,15,may,213,2,-1,0,unknown,0.08875696711331113,0,2025-07-13 23:44:26
50,housemaid,married,secondary,no,388,no,no,cellular,11,mar,203,2,-1,0,unknown,0.8227784783355517,1,2025-07-13 23:44:26
33,blue-collar,single,primary,no,1390,yes,no,unknown,21,may,192,1,-1,0,unknown,0.04998617253876646,0,2025-07-13 23:44:26
27,technician,single,tertiary,no,501,no,yes,telephone,30,jan,370,4,-1,0,unknown,0.48026128019515546,0,2025-07-13 23:44:26
46,technician,married,secondary,no,363,yes,no,cellular,6,aug,209,3,-1,0,unknown,0.2214538123977559,0,2025-07-13 23:44:26
23,technician,single,unknown,no,231,yes,no,cellular,7,may,560,3,367,1,other,0.7606089401070815,1,2025-07-13 23:44:26
36,blue-collar,married,primary,no,-20,yes,no,unknown,7,may,353,3,-1,0,unknown,0.03505360203614413,0,2025-07-13 23:44:26
30,admin.,single,secondary,no,60,no,no,cellular,29,jan,55,2,-1,0,unknown,0.033667569552232185,0,2025-07-13 23:44:26
41,management,divorced,secondary,no,0,no,no,cellular,6,aug,438,2,-1,0,unknown,0.6056852728812523,1,2025-07-13 23:44:26
38,management,married,tertiary,no,1101,yes,no,telephone,9,nov,43,1,-1,0,unknown,0.07343489314773137,0,2025-07-13 23:44:26
32,technician,married,tertiary,no,3850,yes,no,cellular,20,apr,63,4,-1,0,unknown,0.06580677891194786,0,2025-07-13 23:44:26
47,technician,married,tertiary,yes,-813,yes,yes,unknown,16,jun,179,25,-1,0,unknown,0.045181168372995274,0,2025-07-13 23:44:26
31,blue-collar,married,primary,no,55,yes,yes,cellular,17,apr,340,2,-1,0,unknown,0.1791250718924909,0,2025-07-13 23:44:26
39,technician,married,primary,no,2118,yes,no,cellular,17,apr,266,2,-1,0,unknown,0.2668776653253343,0,2025-07-13 23:44:26
47,services,divorced,tertiary,no,1639,no,no,cellular,12,jan,349,1,-1,0,unknown,0.6204707551070134,1,2025-07-13 23:44:26
65,unemployed,married,secondary,no,3195,no,no,telephone,2,mar,904,1,-1,0,unknown,0.920806094430339,1,2025-07-13 23:44:26
41,management,married,tertiary,no,298,no,no,cellular,4,may,63,3,272,1,other,0.05797858092836262,0,2025-07-13 23:44:26
38,blue-collar,single,secondary,no,1012,yes,yes,telephone,17,nov,69,1,-1,0,unknown,0.02179146239791127,0,2025-07-13 23:44:26
41,technician,single,secondary,no,32,yes,no,cellular,7,may,162,1,-1,0,unknown,0.10416856390597239,0,2025-07-13 23:44:26
69,management,married,tertiary,no,840,no,no,telephone,5,feb,128,3,-1,0,unknown,0.38037936582966864,0,2025-07-13 23:44:26
57,entrepreneur,divorced,tertiary,no,873,no,no,unknown,17,jun,441,3,-1,0,unknown,0.25841034633341015,0,2025-07-13 23:44:26
32,technician,married,tertiary,no,0,yes,no,cellular,19,nov,231,4,-1,0,unknown,0.1476498739823447,0,2025-07-13 23:44:26
61,retired,divorced,secondary,no,4243,no,no,cellular,30,apr,315,1,182,2,success,0.960300360934082,1,2025-07-13 23:44:26
54,services,divorced,secondary,no,0,no,no,cellular,18,mar,362,1,290,3,success,0.9556604106412148,1,2025-07-13 23:44:26
38,blue-collar,single,unknown,no,495,yes,no,unknown,8,may,297,1,-1,0,unknown,0.05487513679390611,0,2025-07-13 23:44:26
42,services,single,unknown,no,974,no,no,cellular,30,jul,73,2,-1,0,unknown,0.035253974397354754,0,2025-07-13 23:44:26
28,self-employed,married,tertiary,no,120,yes,yes,unknown,8,may,130,3,-1,0,unknown,0.0400166377959915,0,2025-07-13 23:44:26
49,blue-collar,married,primary,no,1898,no,no,cellular,21,aug,159,1,-1,0,unknown,0.21068167230438573,0,2025-07-13 23:44:26
36,blue-collar,married,secondary,no,6699,yes,no,cellular,20,apr,201,3,-1,0,unknown,0.18648193873381355,0,2025-07-13 23:44:26
33,management,single,tertiary,no,8514,no,no,cellular,20,aug,131,1,-1,0,unknown,0.2599665943068224,0,2025-07-13 23:44:26
47,entrepreneur,divorced,secondary,no,392,yes,yes,cellular,19,nov,125,1,-1,0,unknown,0.05590431723908003,0,2025-07-13 23:44:26
45,technician,divorced,secondary,no,2657,no,no,cellular,7,aug,895,3,-1,0,unknown,0.878472598098351,1,2025-07-13 23:44:26
52,management,married,tertiary,no,3634,no,no,cellular,8,feb,341,8,-1,0,unknown,0.6124847573320512,1,2025-07-13 23:44:26
44,entrepreneur,married,secondary,no,887,yes,no,cellular,17,apr,519,1,14,2,failure,0.6838178840256586,1,2025-07-13 23:44:26
50,technician,divorced,unknown,no,2794,no,no,cellular,12,aug,1336,2,-1,0,unknown,0.901287674361166,1,2025-07-13 23:44:26
75,retired,married,primary,no,1413,no,no,cellular,1,sep,532,2,188,2,success,0.908996732089696,1,2025-07-13 23:44:28
31,management,married,tertiary,no,1170,no,no,cellular,20,aug,200,4,-1,0,unknown,0.2883530956901651,0,2025-07-13 23:44:28
31,management,single,tertiary,no,0,no,no,cellular,25,aug,191,5,-1,0,unknown,0.22237455794885497,0,2025-07-13 23:44:28
34,admin.,single,secondary,no,557,no,no,cellular,17,nov,224,1,-1,0,unknown,0.38550418622502974,0,2025-07-13 23:44:28
31,services,single,secondary,no,-205,no,no,cellular,1,sep,481,1,579,1,failure,0.9186529050090837,1,2025-07-13 23:44:28
55,unemployed,single,primary,no,274,no,no,cellular,9,feb,7,5,-1,0,unknown,0.04492056387939354,0,2025-07-13 23:44:28
82,retired,divorced,primary,no,0,no,no,telephone,15,mar,506,2,195,1,other,0.8879813917809782,1,2025-07-13 23:44:28
50,technician,married,secondary,no,103,yes,no,unknown,12,may,79,6,-1,0,unknown,0.029263416484503806,0,2025-07-13 23:44:28
27,admin.,single,secondary,no,3,yes,no,cellular,8,may,346,2,-1,0,unknown,0.2892962829784809,0,2025-07-13 23:44:28
57,management,married,tertiary,no,1660,no,no,cellular,4,aug,642,1,-1,0,unknown,0.8339762900325413,1,2025-07-13 23:44:28
45,blue-collar,married,secondary,no,10252,no,no,cellular,4,may,675,2,-1,0,unknown,0.8208425096188133,1,2025-07-13 23:44:28
59,technician,divorced,secondary,no,2595,yes,no,cellular,29,aug,398,2,-1,0,unknown,0.4925686496073214,0,2025-07-13 23:44:28
63,management,married,tertiary,no,3115,no,no,cellular,16,nov,432,5,-1,0,unknown,0.8908098007284957,1,2025-07-13 23:44:28
41,technician,married,secondary,no,1043,yes,yes,unknown,14,may,225,1,-1,0,unknown,0.050381482661985756,0,2025-07-13 23:44:28
54,management,married,secondary,no,2895,yes,no,cellular,9,feb,20,2,256,1,failure,0.08093690430424413,0,2025-07-13 23:44:28
60,technician,married,secondary,no,10925,no,no,cellular,23,oct,270,3,185,1,success,0.9572248073137383,1,2025-07-13 23:44:28
48,management,married,tertiary,no,190,no,no,cellular,25,aug,14,22,-1,0,unknown,0.03799141283027783,0,2025-07-13 23:44:28
36,blue-collar,married,secondary,no,274,yes,no,unknown,16,jun,686,11,-1,0,unknown,0.7759247489635075,1,2025-07-13 23:44:28
40,blue-collar,married,secondary,no,746,yes,yes,cellular,2,feb,241,1,262,3,other,0.20781657181357016,0,2025-07-13 23:44:28
21,student,single,primary,no,423,no,no,cellular,8,apr,104,5,-1,0,unknown,0.6570728632958718,1,2025-07-13 23:44:28
54,management,married,tertiary,no,1464,no,no,cellular,30,jun,157,1,-1,0,unknown,0.632487185847601,1,2025-07-13 23:44:28
34,management,married,tertiary,no,3047,no,no,cellular,30,apr,317,1,160,5,other,0.844004021230631,1,2025-07-13 23:44:28
36,admin.,married,secondary,no,465,yes,no,unknown,20,may,160,1,-1,0,unknown,0.05708870083945589,0,2025-07-13 23:44:28
52,technician,married,secondary,no,-38,no,no,unknown,6,jun,613,1,-1,0,unknown,0.5842968471402752,1,2025-07-13 23:44:28
28,blue-collar,single,secondary,no,3817,yes,no,cellular,4,may,528,3,-1,0,unknown,0.7490372167850948,1,2025-07-13 23:44:28
34,management,married,tertiary,no,0,yes,no,unknown,20,may,150,1,-1,0,unknown,0.04888652527318304,0,2025-07-13 23:44:28
39,admin.,divorced,secondary,no,765,no,no,unknown,9,jun,155,3,-1,0,unknown,0.12413424007678762,0,2025-07-13 23:44:28
47,technician,divorced,secondary,no,1013,no,no,cellular,15,sep,170,1,92,3,failure,0.7629066700121511,1,2025-07-13 23:44:28
49,management,single,tertiary,no,370,no,no,cellular,19,aug,386,3,-1,0,unknown,0.6036633577070145,1,2025-07-13 23:44:28
61,management,married,secondary,no,967,no,no,cellular,20,aug,180,1,-1,0,unknown,0.6298812639673151,1,2025-07-13 23:44:28
72,self-employed,married,tertiary,no,132,no,no,cellular,1,jul,260,2,65,1,success,0.9408723814068678,1,2025-07-13 23:44:28
26,student,single,secondary,no,502,yes,no,telephone,7,may,82,1,-1,0,unknown,0.07779510860260995,0,2025-07-13 23:44:28
40,blue-collar,married,primary,no,104,yes,no,unknown,26,may,470,2,-1,0,unknown,0.16559042103559832,0,2025-07-13 23:44:28
56,housemaid,divorced,secondary,no,1866,no,yes,cellular,1,oct,760,1,-1,0,unknown,0.8855399593948556,1,2025-07-13 23:44:28
43,blue-collar,married,secondary,no,14646,no,no,cellular,23,oct,210,1,-1,0,unknown,0.6675414823869895,1,2025-07-13 23:44:28
45,admin.,married,secondary,no,205,no,no,cellular,4,aug,180,1,92,3,success,0.9241349291521116,1,2025-07-13 23:44:28
30,admin.,divorced,secondary,no,10,yes,no,cellular,18,jul,658,2,-1,0,unknown,0.7385868534149668,1,2025-07-13 23:44:28
49,self-employed,married,tertiary,no,599,no,no,cellular,12,aug,174,1,-1,0,unknown,0.3515777747602466,0,2025-07-13 23:44:28
65,management,married,secondary,no,587,no,no,cellular,15,apr,223,2,-1,0,unknown,0.7531609373278306,1,2025-07-13 23:44:28
33,management,single,tertiary,no,1724,no,no,cellular,3,feb,252,6,-1,0,unknown,0.509120898099785,1,2025-07-13 23:44:28
39,admin.,married,secondary,no,159,no,no,cellular,19,nov,177,1,-1,0,unknown,0.27821248927540376,0,2025-07-13 23:44:28
58,management,divorced,unknown,no,2986,no,no,cellular,16,sep,414,1,91,5,other,0.9282846407445168,1,2025-07-13 23:44:28
61,technician,married,secondary,no,1191,no,no,cellular,21,may,214,4,-1,0,unknown,0.5665573782322878,1,2025-07-13 23:44:28
51,admin.,divorced,secondary,no,-338,yes,no,cellular,29,jul,97,2,-1,0,unknown,0.04164859936770817,0,2025-07-13 23:44:28
48,housemaid,married,secondary,no,0,no,no,cellular,28,may,270,5,-1,0,unknown,0.23565426707565215,0,2025-07-13 23:44:28
53,management,married,tertiary,no,1624,no,no,cellular,6,aug,107,1,98,6,success,0.6443137524014796,1,2025-07-13 23:44:28
39,blue-collar,married,unknown,no,621,yes,no,cellular,20,apr,1333,5,-1,0,unknown,0.8126326110921069,1,2025-07-13 23:44:28
44,admin.,married,secondary,no,497,yes,no,cellular,3,feb,321,3,270,2,other,0.3378209111783904,0,2025-07-13 23:44:28
26,services,single,tertiary,no,1140,yes,no,cellular,6,feb,984,2,-1,0,unknown,0.9207410163926252,1,2025-07-13 23:44:28
42,technician,divorced,secondary,no,248,no,no,cellular,19,aug,163,4,-1,0,unknown,0.17741941543428852,0,2025-07-13 23:44:28
58,management,single,tertiary,no,1387,yes,no,telephone,3,feb,140,6,6,6,other,0.18135736750266426,0,2025-07-13 23:44:28
44,management,married,tertiary,no,126,yes,no,unknown,13,may,92,1,-1,0,unknown,0.048727485964737055,0,2025-07-13 23:44:28
36,student,single,unknown,no,417,no,no,cellular,10,aug,304,1,181,1,success,0.915879807521417,1,2025-07-13 23:44:28
31,blue-collar,single,secondary,no,4415,yes,no,unknown,2,jun,329,1,-1,0,unknown,0.09391175858617556,0,2025-07-13 23:44:28
41,management,divorced,tertiary,no,3426,no,no,cellular,4,jun,102,2,297,3,failure,0.3425142053155736,0,2025-07-13 23:44:28
40,technician,married,primary,no,284,yes,no,cellular,20,apr,1332,2,-1,0,unknown,0.8119531086314288,1,2025-07-13 23:44:28
30,blue-collar,single,secondary,no,155,yes,yes,cellular,9,jul,1426,3,-1,0,unknown,0.889753726474229,1,2025-07-13 23:44:28
29,student,single,unknown,no,10332,no,no,cellular,2,nov,46,3,-1,0,unknown,0.3119785737433978,0,2025-07-13 23:44:28
34,admin.,single,secondary,no,88,yes,no,unknown,27,may,169,2,-1,0,unknown,0.05618722769921524,0,2025-07-13 23:44:28
27,admin.,single,tertiary,no,138,no,no,cellular,15,jun,89,2,-1,0,unknown,0.4345458043991382,0,2025-07-13 23:44:28
27,services,single,secondary,no,139,no,no,cellular,25,jul,165,3,-1,0,unknown,0.2764696447056526,0,2025-07-13 23:44:28
42,management,single,tertiary,no,11008,no,no,cellular,28,jul,822,6,405,1,success,0.9688312735633896,1,2025-07-13 23:44:28
56,management,married,primary,no,21,no,no,cellular,7,jul,118,1,-1,0,unknown,0.0680387521545197,0,2025-07-13 23:44:28
38,technician,single,secondary,no,1655,no,no,cellular,29,jul,392,2,-1,0,unknown,0.5530075395773529,1,2025-07-13 23:44:28
33,technician,married,secondary,no,-74,yes,no,cellular,25,jul,198,4,-1,0,unknown,0.10058819325625568,0,2025-07-13 23:44:28
34,blue-collar,divorced,secondary,no,0,yes,no,cellular,5,may,150,1,-1,0,unknown,0.08043926563709261,0,2025-07-13 23:44:28
34,services,married,secondary,no,1076,no,no,cellular,12,may,152,1,182,6,success,0.8441325590777066,1,2025-07-13 23:44:28
32,management,single,tertiary,no,111,yes,no,unknown,8,may,162,2,-1,0,unknown,0.05561752512042053,0,2025-07-13 23:44:28
39,management,married,tertiary,no,1738,yes,no,cellular,14,may,633,1,358,1,other,0.7833929962355398,1,2025-07-13 23:44:28
42,management,married,tertiary,no,24780,no,no,cellular,6,aug,184,2,-1,0,unknown,0.4073500556774256,0,2025-07-13 23:44:28
36,management,single,tertiary,no,5958,yes,no,cellular,22,sep,155,1,184,1,success,0.9184414278475519,1,2025-07-13 23:44:28
24,self-employed,single,tertiary,no,931,yes,no,unknown,28,may,200,4,-1,0,unknown,0.09485960906718968,0,2025-07-13 23:44:28
60,technician,married,tertiary,no,91,no,no,cellular,27,aug,105,4,-1,0,unknown,0.08482310541687173,0,2025-07-13 23:44:28
49,blue-collar,married,primary,yes,-354,no,yes,cellular,7,jul,455,1,-1,0,unknown,0.38210490715764855,0,2025-07-13 23:44:28
32,services,single,secondary,no,182,yes,no,cellular,6,may,145,1,-1,0,unknown,0.1118174123254438,0,2025-07-13 23:44:28
34,admin.,single,tertiary,no,625,no,yes,unknown,31,aug,34,1,-1,0,unknown,0.059268015408505875,0,2025-07-13 23:44:28
32,blue-collar,single,primary,no,1918,yes,no,cellular,8,may,318,1,172,1,failure,0.2692096931361716,0,2025-07-13 23:44:28
67,management,married,tertiary,no,405,no,no,cellular,10,nov,344,2,95,2,success,0.9509632430662059,1,2025-07-13 23:44:28
59,management,married,tertiary,no,1585,no,no,telephone,28,aug,91,5,-1,0,unknown,0.0827943859161632,0,2025-07-13 23:44:28
35,unemployed,married,secondary,no,759,no,no,cellular,19,nov,556,3,-1,0,unknown,0.7002199834182906,1,2025-07-13 23:44:28
46,technician,single,secondary,no,834,yes,no,cellular,11,jul,196,2,-1,0,unknown,0.15398620103385058,0,2025-07-13 23:44:28
54,retired,married,secondary,no,1371,no,no,telephone,25,jul,1492,2,-1,0,unknown,0.8478527727374502,1,2025-07-13 23:44:28
25,admin.,single,tertiary,no,220,no,no,cellular,26,may,68,1,-1,0,unknown,0.15097382185241007,0,2025-07-13 23:44:28
49,technician,married,secondary,no,378,no,no,unknown,9,jun,189,2,-1,0,unknown,0.10309017909413848,0,2025-07-13 23:44:28
29,technician,single,secondary,no,1612,yes,no,unknown,26,may,375,2,-1,0,unknown,0.10480832538321783,0,2025-07-13 23:44:28
32,management,single,tertiary,no,506,no,no,cellular,5,mar,63,2,-1,0,unknown,0.5609137031420764,1,2025-07-13 23:44:28
37,entrepreneur,married,tertiary,no,4798,yes,no,unknown,20,may,156,2,-1,0,unknown,0.06074200031940965,0,2025-07-13 23:44:28
27,blue-collar,married,secondary,no,419,yes,no,unknown,4,jun,1181,2,-1,0,unknown,0.8525582962755893,1,2025-07-13 23:44:28
24,admin.,single,tertiary,no,674,yes,no,cellular,6,jul,267,1,-1,0,unknown,0.6067260499809296,1,2025-07-13 23:44:28
40,entrepreneur,married,tertiary,no,3585,no,no,cellular,15,sep,506,3,-1,0,unknown,0.7642426590038154,1,2025-07-13 23:44:28
29,blue-collar,married,secondary,no,104,yes,no,cellular,18,may,903,4,-1,0,unknown,0.8808428848655494,1,2025-07-13 23:44:28
36,blue-collar,married,primary,no,378,yes,no,cellular,5,may,1240,1,-1,0,unknown,0.8227369660046966,1,2025-07-13 23:44:28
31,management,married,tertiary,no,0,yes,no,cellular,4,may,108,2,167,1,failure,0.052163664539345386,0,2025-07-13 23:44:28
35,management,single,tertiary,no,431,no,no,cellular,17,aug,343,2,397,1,failure,0.8007378207684234,1,2025-07-13 23:44:28
60,admin.,divorced,secondary,no,12039,no,no,telephone,8,apr,236,1,-1,0,unknown,0.7353669004636652,1,2025-07-13 23:44:28
47,management,married,tertiary,no,6637,yes,no,cellular,17,apr,174,2,-1,0,unknown,0.23866488075981887,0,2025-07-13 23:44:28
35,unemployed,single,secondary,no,2116,yes,no,cellular,13,may,409,2,-1,0,unknown,0.5177278077330225,1,2025-07-13 23:44:28
26,technician,single,tertiary,no,11862,no,no,cellular,13,feb,119,1,-1,0,unknown,0.600983127825463,1,2025-07-13 23:44:28
49,management,single,tertiary,no,151,yes,no,cellular,8,jul,97,3,-1,0,unknown,0.05817308792422319,0,2025-07-13 23:44:28
18,student,single,unknown,no,348,no,no,cellular,5,may,443,4,-1,0,unknown,0.8532443961861755,1,2025-07-13 23:44:28
38,technician,single,tertiary,no,218,yes,yes,unknown,28,may,74,2,-1,0,unknown,0.025021314203794325,0,2025-07-14 10:45:27
37,admin.,married,secondary,no,536,yes,no,cellular,23,jul,328,2,-1,0,unknown,0.2379167201911027,0,2025-07-14 10:45:27
25,management,married,tertiary,no,103,no,no,cellular,10,feb,52,9,-1,0,unknown,0.4404827038423071,0,2025-07-14 10:45:27
25,admin.,single,secondary,no,96,no,no,unknown,26,may,293,1,-1,0,unknown,0.16877879725164613,0,2025-07-14 10:45:27
60,retired,married,primary,no,415,no,no,unknown,18,jun,49,2,-1,0,unknown,0.029891435671885656,0,2025-07-14 10:45:27
53,entrepreneur,married,secondary,no,0,yes,no,telephone,10,jul,311,27,-1,0,unknown,0.16714583369595676,0,2025-07-14 10:45:27
30,blue-collar,married,secondary,no,501,yes,yes,cellular,20,nov,994,1,177,1,failure,0.8260938516139937,1,2025-07-14 10:45:27
32,technician,single,tertiary,no,705,yes,no,cellular,25,may,414,2,35,4,failure,0.6226345676674943,1,2025-07-14 10:45:27
55,blue-collar,married,secondary,no,1218,no,no,cellular,20,aug,107,2,-1,0,unknown,0.08019339663609425,0,2025-07-14 10:45:27
42,management,divorced,tertiary,no,621,no,yes,cellular,22,jul,87,2,-1,0,unknown,0.04320283239028588,0,2025-07-14 10:45:27
26,blue-collar,single,secondary,no,940,yes,no,unknown,6,jun,237,3,-1,0,unknown,0.07235054298363602,0,2025-07-14 10:45:27
50,services,married,secondary,no,378,no,yes,telephone,18,jul,55,9,-1,0,unknown,0.018215212782938042,0,2025-07-14 10:45:27
40,admin.,married,secondary,no,2574,yes,no,cellular,15,may,432,1,176,1,failure,0.6154078400710312,1,2025-07-14 10:45:27
42,management,divorced,tertiary,no,5037,no,no,cellular,16,jul,100,6,84,14,success,0.4536650529830547,0,2025-07-14 10:45:27
31,technician,married,tertiary,no,4089,no,no,cellular,12,aug,433,3,-1,0,unknown,0.7397819821133915,1,2025-07-14 10:45:27
59,management,married,tertiary,no,0,no,no,cellular,27,aug,87,4,-1,0,unknown,0.05676720081151315,0,2025-07-14 10:45:27
40,blue-collar,married,primary,no,0,yes,no,unknown,3,jun,329,3,-1,0,unknown,0.04607654703601532,0,2025-07-14 10:45:27
36,blue-collar,single,secondary,no,1089,yes,no,telephone,11,may,75,4,-1,0,unknown,0.022184389942776488,0,2025-07-14 10:45:27
30,management,single,tertiary,no,140,no,no,cellular,28,jan,186,1,-1,0,unknown,0.34500987711926956,0,2025-07-14 10:45:27
50,technician,married,secondary,no,20,yes,no,cellular,8,may,57,1,303,1,failure,0.030696611384085724,0,2025-07-14 10:45:27
34,management,married,tertiary,no,3486,no,no,cellular,28,aug,23,10,-1,0,unknown,0.04124866757762356,0,2025-07-14 10:45:27
38,blue-collar,married,primary,no,2366,yes,no,unknown,26,may,97,4,-1,0,unknown,0.029486176477783108,0,2025-07-14 10:45:27
32,management,married,tertiary,no,0,yes,no,unknown,5,may,179,1,-1,0,unknown,0.055188751713474135,0,2025-07-14 10:45:27
48,management,married,tertiary,no,5320,yes,no,unknown,20,jun,792,1,-1,0,unknown,0.6622280504992943,1,2025-07-14 10:45:27
37,blue-collar,married,primary,no,1021,no,no,unknown,9,jun,173,1,-1,0,unknown,0.11027013747322861,0,2025-07-14 10:45:27
67,retired,married,primary,no,2,no,no,cellular,28,oct,1118,1,-1,0,unknown,0.9132972005953668,1,2025-07-14 10:45:27
57,management,married,tertiary,no,2101,no,no,cellular,18,nov,101,5,-1,0,unknown,0.06446401772003259,0,2025-07-14 10:45:27
40,technician,divorced,secondary,no,669,yes,no,cellular,28,jul,367,2,-1,0,unknown,0.37657596074631783,0,2025-07-14 10:45:27
38,entrepreneur,married,primary,no,350,yes,no,cellular,8,may,75,1,-1,0,unknown,0.026513647360883175,0,2025-07-14 10:45:27
37,management,divorced,tertiary,no,122,yes,no,unknown,19,may,1622,2,-1,0,unknown,0.8451961470520909,1,2025-07-14 10:45:27
57,management,married,tertiary,no,1172,no,no,unknown,18,jun,26,1,-1,0,unknown,0.04833884559777408,0,2025-07-14 10:45:27
36,admin.,divorced,secondary,no,775,yes,no,unknown,21,may,65,3,-1,0,unknown,0.02386668019418792,0,2025-07-14 10:45:27
51,admin.,married,secondary,no,4178,yes,no,cellular,20,nov,167,4,174,1,failure,0.1439873704908607,0,2025-07-14 10:45:27
37,admin.,divorced,secondary,no,141,yes,no,cellular,14,may,233,1,-1,0,unknown,0.2323848436535982,0,2025-07-14 10:45:27
33,management,married,secondary,no,-224,yes,no,cellular,14,may,152,2,259,8,other,0.09922703354890502,0,2025-07-14 10:45:27
29,blue-collar,married,secondary,no,47,yes,yes,cellular,15,may,245,1,-1,0,unknown,0.1609053994910829,0,2025-07-14 10:45:28
43,management,married,tertiary,no,19,yes,no,unknown,30,may,126,2,-1,0,unknown,0.0397592899965543,0,2025-07-14 10:45:28
40,services,divorced,secondary,no,5766,yes,yes,unknown,28,may,385,1,-1,0,unknown,0.091028133162675,0,2025-07-14 10:45:28
48,technician,married,secondary,no,0,yes,yes,unknown,2,jul,44,2,-1,0,unknown,0.015530915347015813,0,2025-07-14 10:45:28
31,blue-collar,married,secondary,no,1078,yes,no,cellular,13,may,248,1,330,3,other,0.22391485149500656,0,2025-07-14 10:45:28
26,technician,single,secondary,no,152,no,yes,cellular,29,jan,90,1,-1,0,unknown,0.099523855073809,0,2025-07-14 10:45:28
35,management,married,tertiary,no,4286,yes,no,unknown,9,may,357,1,-1,0,unknown,0.08947625087102566,0,2025-07-14 10:45:28
29,unknown,single,unknown,no,209,no,no,unknown,29,may,346,6,-1,0,unknown,0.10333292689415026,0,2025-07-14 10:45:28
39,entrepreneur,married,secondary,no,0,no,no,cellular,21,nov,108,7,-1,0,unknown,0.04508160181738956,0,2025-07-14 10:45:28
30,blue-collar,single,unknown,yes,-149,yes,yes,unknown,12,may,164,3,-1,0,unknown,0.02770270553577494,0,2025-07-14 10:45:28
55,retired,married,secondary,no,85,no,no,unknown,3,jul,228,2,-1,0,unknown,0.10227084106221507,0,2025-07-14 10:45:28
55,technician,married,secondary,no,477,no,no,cellular,8,jul,138,1,-1,0,unknown,0.18461641359583045,0,2025-07-14 10:45:28
28,admin.,single,secondary,no,377,no,no,cellular,30,apr,571,1,-1,0,unknown,0.9109270359087617,1,2025-07-14 10:45:28
34,blue-collar,married,primary,no,3868,yes,no,cellular,18,may,134,1,350,1,failure,0.0859917351532851,0,2025-07-14 10:45:28
60,admin.,married,unknown,no,738,no,no,unknown,19,may,529,3,-1,0,unknown,0.5192503979832053,1,2025-07-14 10:45:28
49,admin.,married,secondary,no,1697,yes,no,cellular,19,nov,236,1,-1,0,unknown,0.24867241939901052,0,2025-07-14 10:45:28
45,entrepreneur,married,secondary,no,245,yes,no,unknown,14,may,126,3,-1,0,unknown,0.03896415193046502,0,2025-07-14 10:45:28
31,blue-collar,married,secondary,no,754,yes,no,unknown,19,may,1022,4,-1,0,unknown,0.8316717561705672,1,2025-07-14 10:45:28
42,unemployed,married,secondary,no,8131,yes,no,unknown,30,may,69,1,-1,0,unknown,0.029811853288443328,0,2025-07-14 10:45:28
41,blue-collar,single,unknown,no,961,yes,no,unknown,29,may,117,1,-1,0,unknown,0.04675376000776802,0,2025-07-14 10:45:28
30,services,married,secondary,yes,-849,yes,no,unknown,30,may,138,2,-1,0,unknown,0.035439149930858053,0,2025-07-14 10:45:28
29,services,married,primary,no,-102,no,no,unknown,4,jul,134,1,-1,0,unknown,0.08444806691928983,0,2025-07-14 10:45:28
36,admin.,single,secondary,no,733,yes,no,cellular,20,apr,176,1,322,2,other,0.2502941795556045,0,2025-07-14 10:45:28
36,housemaid,married,primary,no,758,no,no,unknown,17,jun,236,2,-1,0,unknown,0.10606553260029793,0,2025-07-14 10:45:28
38,entrepreneur,married,secondary,no,3249,yes,no,unknown,2,jun,384,1,-1,0,unknown,0.14818350505845543,0,2025-07-14 10:45:28
52,self-employed,married,secondary,no,1066,yes,no,unknown,16,may,65,3,-1,0,unknown,0.020937305077482555,0,2025-07-14 10:45:28
30,admin.,single,secondary,no,915,yes,no,unknown,27,apr,370,1,-1,0,unknown,0.28961158367579704,0,2025-07-14 10:45:28
50,blue-collar,married,unknown,no,1537,no,no,unknown,17,jun,24,6,-1,0,unknown,0.027659178745539376,0,2025-07-14 10:45:28
26,blue-collar,single,secondary,no,1006,yes,no,cellular,14,may,667,1,-1,0,unknown,0.8389354838826395,1,2025-07-14 10:45:28
58,admin.,married,secondary,no,3927,no,no,cellular,11,oct,124,3,363,1,failure,0.45399358556245956,0,2025-07-14 10:45:28
38,unemployed,married,secondary,no,-673,yes,no,unknown,26,may,364,1,-1,0,unknown,0.06383011892287534,0,2025-07-14 10:45:28
41,services,married,secondary,no,1836,yes,yes,cellular,15,apr,139,1,-1,0,unknown,0.15287069764964847,0,2025-07-14 10:45:28
34,blue-collar,married,secondary,no,840,yes,no,cellular,12,may,275,3,-1,0,unknown,0.19811991832921602,0,2025-07-14 10:45:28
40,admin.,married,secondary,no,3087,yes,yes,unknown,27,may,185,1,-1,0,unknown,0.059088301669480606,0,2025-07-14 10:45:28
31,admin.,divorced,secondary,no,-254,yes,no,cellular,15,may,237,2,-1,0,unknown,0.16998689426569244,0,2025-07-14 10:45:28
